file,class,type,cbo,cboModified,fanin,fanout,wmc,dit,noc,rfc,lcom,lcom*,tcc,lcc,totalMethodsQty,staticMethodsQty,publicMethodsQty,privateMethodsQty,protectedMethodsQty,defaultMethodsQty,visibleMethodsQty,abstractMethodsQty,finalMethodsQty,synchronizedMethodsQty,totalFieldsQty,staticFieldsQty,publicFieldsQty,privateFieldsQty,protectedFieldsQty,defaultFieldsQty,finalFieldsQty,synchronizedFieldsQty,nosi,loc,returnQty,loopQty,comparisonsQty,tryCatchQty,parenthesizedExpsQty,stringLiteralsQty,numbersQty,assignmentsQty,mathOperationsQty,variablesQty,maxNestedBlocksQty,anonymousClassesQty,innerClassesQty,lambdasQty,uniqueWordsQty,modifiers,logStatementsQty
C:\Users\Acer\Desktop\GroupAssignment2-OOD\Cloned\mlkit\android\vision-quickstart\app\src\main\java\com\google\mlkit\vision\demo\preference\StillImagePreferenceFragment.java,com.google.mlkit.vision.demo.preference.StillImagePreferenceFragment,class,2,3,1,2,1,2,0,2,0,0.0,NaN,NaN,1,0,1,0,0,0,1,0,0,0,0,0,0,0,0,0,0,0,0,6,0,0,0,0,0,0,0,0,0,0,0,0,0,0,18,1,0
C:\Users\Acer\Desktop\GroupAssignment2-OOD\Cloned\mlkit\android\smartreply\app\src\main\java\com\google\mlkit\samples\nl\smartreply\java\model\Message.java,com.google.mlkit.samples.nl.smartreply.java.model.Message,class,3,7,4,3,5,1,0,5,0,0.33333334,1.0,1.0,2,0,2,0,0,0,2,0,0,0,3,0,3,0,0,0,3,0,0,25,1,0,1,0,0,1,0,6,0,5,1,0,0,0,21,1,0
C:\Users\Acer\Desktop\GroupAssignment2-OOD\Cloned\mlkit\android\translate\app\src\main\java\com\google\mlkit\samples\nl\translate\java\MainActivity.java,com.google.mlkit.samples.nl.translate.java.MainActivity,class,3,3,0,3,2,2,0,7,0,0.0,NaN,NaN,1,0,0,0,1,0,1,0,0,0,0,0,0,0,0,0,0,0,1,9,0,0,1,0,0,0,0,0,0,0,1,0,0,0,18,1,0
C:\Users\Acer\Desktop\GroupAssignment2-OOD\Cloned\mlkit\android\vision-quickstart\app\src\main\java\com\google\mlkit\vision\demo\java\posedetector\classification\PoseClassifier.java,com.google.mlkit.vision.demo.java.posedetector.classification.PoseClassifier,class,8,10,2,8,15,1,0,23,5,0.7083333,0.5,0.6,6,1,5,1,0,0,5,0,0,0,8,4,0,8,0,0,8,0,23,77,5,6,0,0,1,1,15,30,2,30,2,0,0,2,88,1,0
C:\Users\Acer\Desktop\GroupAssignment2-OOD\Cloned\mlkit\android\digitalink\app\src\main\java\com\google\mlkit\samples\vision\digitalink\StrokeManager.java,com.google.mlkit.samples.vision.digitalink.StrokeManager,class,15,20,5,15,35,1,0,39,85,0.8506944,0.16190477,0.52380955,18,0,15,3,0,0,15,0,0,0,16,3,0,14,0,2,5,0,1,163,16,0,7,0,0,10,2,33,1,27,2,0,3,7,115,1,0
C:\Users\Acer\Desktop\GroupAssignment2-OOD\Cloned\mlkit\android\automl\app\src\main\java\com\google\mlkit\vision\automl\demo\InferenceInfoGraphic.java,com.google.mlkit.vision.automl.demo.InferenceInfoGraphic,class,5,5,0,5,3,2,0,6,0,0.083333336,1.0,1.0,2,0,2,0,0,0,2,0,0,1,6,2,0,6,0,0,6,0,0,29,0,0,1,0,0,7,3,8,7,8,1,0,0,0,38,1,0
C:\Users\Acer\Desktop\GroupAssignment2-OOD\Cloned\mlkit\android\vision-quickstart\app\src\main\java\com\google\mlkit\vision\demo\InferenceInfoGraphic.java,com.google.mlkit.vision.demo.InferenceInfoGraphic,class,5,6,1,5,5,2,0,7,0,0.3333333,1.0,1.0,3,0,3,0,0,0,3,0,0,1,8,2,0,8,0,0,7,0,0,41,1,0,1,0,0,9,9,11,10,10,1,0,0,0,49,1,0
C:\Users\Acer\Desktop\GroupAssignment2-OOD\Cloned\mlkit\android\translate\app\src\main\java\com\google\mlkit\samples\nl\translate\java\TranslateViewModel.java,com.google.mlkit.samples.nl.translate.java.TranslateViewModel$Language,innerclass,2,2,0,2,9,1,0,5,0,0.14285715,0.71428573,0.71428573,7,0,4,0,0,3,7,0,0,0,1,0,0,1,0,0,1,0,0,31,8,0,1,0,1,1,0,2,1,2,1,0,0,0,27,8,0
C:\Users\Acer\Desktop\GroupAssignment2-OOD\Cloned\mlkit\android\vision-quickstart\app\src\main\java\com\google\mlkit\vision\demo\java\posedetector\classification\EMASmoothing.java,com.google.mlkit.vision.demo.java.posedetector.classification.EMASmoothing,class,1,2,1,1,8,1,0,9,1,0.52380955,0.33333334,0.33333334,3,0,3,0,0,0,3,0,0,0,7,3,0,7,0,0,6,0,0,46,1,3,1,0,2,0,7,17,5,14,2,0,0,0,51,1,0
C:\Users\Acer\Desktop\GroupAssignment2-OOD\Cloned\mlkit\android\automl\app\src\main\java\com\google\mlkit\vision\automl\demo\CameraSource.java,com.google.mlkit.vision.automl.demo.CameraSource,class,21,25,4,21,53,1,0,60,36,0.85421985,0.29090908,0.4181818,17,4,10,6,0,1,11,0,0,4,23,10,5,17,1,0,14,0,12,355,13,6,16,2,7,22,21,76,29,59,3,0,3,0,422,1,0
C:\Users\Acer\Desktop\GroupAssignment2-OOD\Cloned\mlkit\android\vision-quickstart\app\src\main\java\com\google\mlkit\vision\demo\java\facedetector\FaceDetectorProcessor.java,com.google.mlkit.vision.demo.java.facedetector.FaceDetectorProcessor,class,15,19,4,15,10,2,0,21,9,0.6666666,0.3,0.3,6,1,2,1,3,0,5,0,0,0,2,1,0,2,0,0,2,0,3,51,1,2,2,0,0,26,1,9,12,9,3,0,0,0,57,1,0
C:\Users\Acer\Desktop\GroupAssignment2-OOD\Cloned\mlkit\android\langid\app\src\main\java\com\google\mlkit\samples\nl\languageid\java\MainActivityJava.java,com.google.mlkit.samples.nl.languageid.java.MainActivityJava,class,8,8,0,8,11,2,0,33,0,0.44,NaN,NaN,5,0,0,4,1,0,1,0,0,0,5,1,0,5,0,0,1,0,0,82,4,1,2,0,0,12,2,12,4,18,2,0,0,7,59,1,0
C:\Users\Acer\Desktop\GroupAssignment2-OOD\Cloned\mlkit\android\vision-quickstart\app\src\main\java\com\google\mlkit\vision\demo\java\objectdetector\ObjectDetectorProcessor.java,com.google.mlkit.vision.demo.java.objectdetector.ObjectDetectorProcessor,class,10,13,3,10,6,2,0,6,4,0.6,0.3,0.3,5,0,2,0,3,0,5,0,0,0,2,1,0,2,0,0,2,0,0,23,1,1,0,0,0,2,0,2,0,2,1,0,0,0,34,1,0
C:\Users\Acer\Desktop\GroupAssignment2-OOD\Cloned\mlkit\android\automl\app\src\main\java\com\google\mlkit\vision\automl\demo\automl\AutoMLImageLabelerProcessor.java,com.google.mlkit.vision.automl.demo.automl.AutoMLImageLabelerProcessor,class,14,18,4,14,11,2,0,23,1,0.5666667,0.3,0.6,6,0,2,1,3,0,5,0,0,0,5,1,0,5,0,0,5,0,0,56,5,0,3,0,0,10,0,7,1,9,2,0,1,2,82,1,0
C:\Users\Acer\Desktop\GroupAssignment2-OOD\Cloned\mlkit\android\internal\chooserx\src\main\java\com\mlkit\example\internal\BaseEntryChoiceActivity.java,com.mlkit.example.internal.BaseEntryChoiceActivity,class,7,8,1,7,2,2,0,6,1,0.0,0.0,0.0,2,0,0,0,2,0,2,1,0,0,0,0,0,0,0,0,0,0,0,10,0,0,0,0,0,0,0,1,0,1,0,0,0,0,26,1025,0
C:\Users\Acer\Desktop\GroupAssignment2-OOD\Cloned\mlkit\android\digitalink\app\src\main\java\com\google\mlkit\samples\vision\digitalink\DigitalInkMainActivity.java,com.google.mlkit.samples.vision.digitalink.DigitalInkMainActivity$ModelLanguageContainer,innerclass,3,3,0,3,9,1,0,1,0,0.47619048,0.6,1.0,7,2,6,1,0,0,6,0,0,0,3,0,0,3,0,0,2,0,0,35,7,0,1,0,0,2,0,3,2,3,1,0,0,0,28,10,0
C:\Users\Acer\Desktop\GroupAssignment2-OOD\Cloned\mlkit\android\automl\app\src\main\java\com\google\mlkit\vision\automl\demo\CameraSource.java,com.google.mlkit.vision.automl.demo.CameraSource$FrameProcessingRunnable,innerclass,5,5,0,5,12,1,0,15,0,0.41666666,0.5,0.5,4,0,1,0,0,3,4,0,0,0,3,0,0,3,0,0,1,0,0,59,3,2,2,2,1,8,0,7,1,4,4,0,0,0,144,2,0
C:\Users\Acer\Desktop\GroupAssignment2-OOD\Cloned\mlkit\android\smartreply\app\src\main\java\com\google\mlkit\samples\nl\smartreply\java\chat\ReplyChipAdapter.java,com.google.mlkit.samples.nl.smartreply.java.chat.ReplyChipAdapter$ClickListener,interface,1,1,0,1,1,1,0,0,0,0.0,NaN,NaN,1,0,0,0,0,1,1,0,0,0,0,0,0,0,0,0,0,0,0,3,0,0,0,0,0,0,0,0,0,0,0,0,0,0,6,1,0
C:\Users\Acer\Desktop\GroupAssignment2-OOD\Cloned\mlkit\android\vision-quickstart\app\src\main\java\com\google\mlkit\vision\demo\VisionImageProcessor.java,com.google.mlkit.vision.demo.VisionImageProcessor,interface,4,9,5,4,4,1,0,0,6,0.0,0.0,0.0,4,0,0,0,0,4,4,0,0,0,0,0,0,0,0,0,0,0,0,6,0,0,0,0,0,0,0,0,0,0,0,0,0,0,43,1,0
C:\Users\Acer\Desktop\GroupAssignment2-OOD\Cloned\mlkit\android\vision-quickstart\app\src\main\java\com\google\mlkit\vision\demo\BitmapUtils.java,com.google.mlkit.vision.demo.BitmapUtils,class,16,19,3,16,32,1,0,49,28,0.875,0.0,0.0,8,8,3,5,0,0,3,0,0,0,1,1,0,1,0,0,1,0,10,142,13,2,6,2,5,4,52,48,22,35,2,0,0,0,178,1,0
C:\Users\Acer\Desktop\GroupAssignment2-OOD\Cloned\mlkit\android\android-snippets\app\src\main\java\com\google\example\mlkit\MainActivity.java,com.google.example.mlkit.MainActivity,class,1,1,0,1,0,2,0,0,0,0.0,-1.0,-1.0,0,0,0,0,0,0,0,0,0,0,0,0,0,0,0,0,0,0,0,2,0,0,0,0,0,0,0,0,0,0,0,0,0,0,4,1,0
C:\Users\Acer\Desktop\GroupAssignment2-OOD\Cloned\mlkit\android\vision-quickstart\app\src\main\java\com\google\mlkit\vision\demo\java\StillImageActivity.java,com.google.mlkit.vision.demo.java.StillImageActivity,class,40,45,5,40,61,2,0,74,28,0.82805413,0.26666668,0.26666668,13,0,4,7,2,0,6,0,0,0,34,25,0,33,0,1,25,0,10,352,7,0,21,2,3,46,12,92,8,72,3,3,0,3,195,17,0
C:\Users\Acer\Desktop\GroupAssignment2-OOD\Cloned\mlkit\android\vision-quickstart\app\src\main\java\com\google\mlkit\vision\demo\preference\SettingsActivity.java,com.google.mlkit.vision.demo.preference.SettingsActivity,class,4,4,0,4,3,2,0,12,0,0.0,NaN,NaN,1,0,0,0,1,0,1,0,0,0,1,1,1,0,0,0,1,0,0,25,0,0,1,1,0,1,0,3,0,3,1,0,1,0,72,1,0
C:\Users\Acer\Desktop\GroupAssignment2-OOD\Cloned\mlkit\android\vision-quickstart\app\src\main\java\com\google\mlkit\vision\demo\FrameMetadata.java,com.google.mlkit.vision.demo.FrameMetadata,class,0,4,4,0,4,1,0,0,0,0.5,0.0,0.0,4,0,3,1,0,0,3,0,0,0,3,0,0,3,0,0,3,0,0,39,3,0,0,0,0,0,0,3,0,3,0,0,1,0,12,1,0
C:\Users\Acer\Desktop\GroupAssignment2-OOD\Cloned\mlkit\android\automl\app\src\main\java\com\google\mlkit\vision\automl\demo\object\ObjectDetectorProcessor.java,com.google.mlkit.vision.automl.demo.object.ObjectDetectorProcessor,class,13,17,4,13,12,2,0,23,1,0.5666667,0.3,0.6,6,0,2,1,3,0,5,0,0,0,5,1,0,5,0,0,5,0,0,57,5,1,3,0,0,9,0,7,0,9,2,0,0,2,63,1,0
C:\Users\Acer\Desktop\GroupAssignment2-OOD\Cloned\mlkit\android\digitalink\app\src\main\java\com\google\mlkit\samples\vision\digitalink\StrokeManager.java,com.google.mlkit.samples.vision.digitalink.StrokeManager$DownloadedModelsChangedListener,interface,0,0,0,0,1,1,0,0,0,0.0,NaN,NaN,1,0,0,0,0,1,1,0,0,0,0,0,0,0,0,0,0,0,0,3,0,0,0,0,0,0,0,0,0,0,0,0,0,0,24,1,0
C:\Users\Acer\Desktop\GroupAssignment2-OOD\Cloned\mlkit\android\android-snippets\app\src\main\java\com\google\example\mlkit\BarcodeScanningActivity.java,com.google.example.mlkit.BarcodeScanningActivity,class,9,9,0,9,2,2,0,7,1,0.0,NaN,NaN,2,0,0,1,1,0,1,0,0,0,0,0,0,0,0,0,0,0,0,35,0,0,0,0,0,0,0,3,0,3,0,2,0,0,26,1,0
C:\Users\Acer\Desktop\GroupAssignment2-OOD\Cloned\mlkit\android\android-snippets\app\src\main\java\com\google\example\mlkit\ObjectDetectionActivity.java,com.google.example.mlkit.ObjectDetectionActivity,class,12,12,0,12,9,2,0,21,3,0.0,NaN,NaN,3,0,0,2,1,0,1,0,0,0,0,0,0,0,0,0,0,0,0,50,0,4,1,0,0,1,14,20,2,18,3,2,0,0,40,1,0
C:\Users\Acer\Desktop\GroupAssignment2-OOD\Cloned\mlkit\android\automl\app\src\main\java\com\google\mlkit\vision\automl\demo\object\ObjectGraphic.java,com.google.mlkit.vision.automl.demo.object.ObjectGraphic,class,7,8,1,7,6,2,0,19,0,0.16666667,1.0,1.0,2,0,1,0,0,1,2,0,0,0,9,5,0,9,0,0,9,0,7,60,0,3,1,0,1,3,12,32,14,18,1,0,0,0,58,1,0
C:\Users\Acer\Desktop\GroupAssignment2-OOD\Cloned\mlkit\android\internal\chooserx\src\main\java\com\mlkit\example\internal\ChoiceAdapter.java,com.mlkit.example.internal.ChoiceAdapter$ViewHolder$Anonymous1,anonymous,1,1,0,1,1,1,0,1,0,0.0,NaN,NaN,1,0,1,0,0,0,1,0,0,0,0,0,0,0,0,0,0,0,0,5,0,0,0,0,0,0,0,0,0,0,0,0,0,0,4,-1,0
C:\Users\Acer\Desktop\GroupAssignment2-OOD\Cloned\mlkit\android\vision-quickstart\app\src\main\java\com\google\mlkit\vision\demo\java\posedetector\classification\PoseSample.java,com.google.mlkit.vision.demo.java.posedetector.classification.PoseSample,class,3,6,3,3,8,1,0,9,0,0.6333334,0.3,0.6,5,1,5,0,0,0,5,0,0,0,6,3,0,6,0,0,6,0,4,42,6,1,1,1,1,4,8,12,5,11,2,0,0,0,43,1,0
C:\Users\Acer\Desktop\GroupAssignment2-OOD\Cloned\mlkit\android\vision-quickstart\app\src\main\java\com\google\mlkit\vision\demo\CameraImageGraphic.java,com.google.mlkit.vision.demo.CameraImageGraphic,class,4,4,0,4,2,2,0,2,0,0.0,1.0,1.0,2,0,2,0,0,0,2,0,0,0,1,0,0,1,0,0,1,0,0,10,0,0,0,0,0,0,0,1,0,1,0,0,0,0,14,1,0
C:\Users\Acer\Desktop\GroupAssignment2-OOD\Cloned\mlkit\android\smartreply\app\src\main\java\com\google\mlkit\samples\nl\smartreply\java\chat\ReplyChipAdapter.java,com.google.mlkit.samples.nl.smartreply.java.chat.ReplyChipAdapter$ViewHolder,innerclass,5,5,0,5,2,2,0,5,0,0.0,1.0,1.0,2,0,2,0,0,0,2,0,0,0,1,0,0,1,0,0,1,0,0,11,0,0,0,0,0,0,0,1,0,2,0,0,0,1,13,1,0
C:\Users\Acer\Desktop\GroupAssignment2-OOD\Cloned\mlkit\android\automl\app\src\main\java\com\google\mlkit\vision\automl\demo\VisionImageProcessor.java,com.google.mlkit.vision.automl.demo.VisionImageProcessor,interface,5,10,5,5,4,1,0,0,6,0.0,0.0,0.0,4,0,0,0,0,4,4,0,0,0,0,0,0,0,0,0,0,0,0,6,0,0,0,0,0,0,0,0,0,0,0,0,0,0,43,1,0
C:\Users\Acer\Desktop\GroupAssignment2-OOD\Cloned\mlkit\android\android-snippets\app\src\main\java\com\google\example\mlkit\BarcodeScanningActivity.java,com.google.example.mlkit.BarcodeScanningActivity$Anonymous1,anonymous,3,3,0,3,4,1,0,10,0,0.0,NaN,NaN,1,0,1,0,0,0,1,0,0,0,0,0,0,0,0,0,0,0,0,21,0,1,0,0,0,0,0,9,0,9,2,0,0,0,17,-1,0
C:\Users\Acer\Desktop\GroupAssignment2-OOD\Cloned\mlkit\android\android-snippets\app\src\main\java\com\google\example\mlkit\BarcodeScanningActivity.java,com.google.example.mlkit.BarcodeScanningActivity$Anonymous2,anonymous,1,1,0,1,1,1,0,0,0,0.0,NaN,NaN,1,0,1,0,0,0,1,0,0,0,0,0,0,0,0,0,0,0,0,4,0,0,0,0,0,0,0,0,0,0,0,0,0,0,4,-1,0
C:\Users\Acer\Desktop\GroupAssignment2-OOD\Cloned\mlkit\android\vision-quickstart\app\src\main\java\com\google\mlkit\vision\demo\java\CameraXSourceDemoActivity.java,com.google.mlkit.vision.demo.java.CameraXSourceDemoActivity,class,24,26,2,24,25,2,0,45,4,0.71111107,0.4,0.6,9,0,3,4,2,0,5,0,0,0,10,2,0,10,0,0,2,0,6,112,1,1,12,0,0,11,0,20,5,20,3,0,0,2,100,17,0
C:\Users\Acer\Desktop\GroupAssignment2-OOD\Cloned\mlkit\android\digitalink\app\src\main\java\com\google\mlkit\samples\vision\digitalink\ModelManager.java,com.google.mlkit.samples.vision.digitalink.ModelManager,class,9,11,2,9,13,1,0,19,0,0.375,0.73333335,1.0,6,0,6,0,0,0,6,0,0,0,4,1,0,3,0,1,2,0,0,72,15,1,4,1,0,20,0,8,7,12,2,0,0,6,45,1,0
C:\Users\Acer\Desktop\GroupAssignment2-OOD\Cloned\mlkit\android\automl\app\src\main\java\com\google\mlkit\vision\automl\demo\preference\SettingsActivity.java,com.google.mlkit.vision.automl.demo.preference.SettingsActivity$LaunchSource,enum,3,3,0,3,1,1,0,0,0,0.0,NaN,NaN,1,0,0,0,0,1,1,0,0,0,2,0,0,2,0,0,2,0,0,7,0,0,0,0,0,1,0,2,0,2,0,0,0,0,30,1,0
C:\Users\Acer\Desktop\GroupAssignment2-OOD\Cloned\mlkit\android\digitalink\app\src\main\java\com\google\mlkit\samples\vision\digitalink\RecognitionTask.java,com.google.mlkit.samples.vision.digitalink.RecognitionTask$RecognizedInk,innerclass,1,1,0,1,1,1,0,0,0,0.0,NaN,NaN,1,0,0,0,0,1,1,0,0,0,2,0,2,0,0,0,2,0,0,8,0,0,0,0,0,0,0,2,0,2,0,0,0,0,13,9,0
C:\Users\Acer\Desktop\GroupAssignment2-OOD\Cloned\mlkit\android\android-snippets\app\src\main\java\com\google\example\mlkit\MLKitVisionImage.java,com.google.example.mlkit.MLKitVisionImage,class,11,12,1,11,10,1,0,14,19,0.85714287,NaN,NaN,7,0,0,7,0,0,1,0,0,0,3,3,0,3,0,0,3,0,0,49,1,0,0,1,2,2,12,16,5,14,1,0,0,0,66,1,0
C:\Users\Acer\Desktop\GroupAssignment2-OOD\Cloned\mlkit\android\vision-quickstart\app\src\main\java\com\google\mlkit\vision\demo\java\posedetector\classification\Utils.java,com.google.mlkit.vision.demo.java.posedetector.classification.Utils,class,2,5,3,2,17,1,0,15,78,0.0,0.0,0.0,13,12,12,1,0,0,12,0,0,0,0,0,0,0,0,0,0,0,11,52,8,4,0,0,3,0,3,4,19,4,1,0,0,0,26,1,0
C:\Users\Acer\Desktop\GroupAssignment2-OOD\Cloned\mlkit\android\vision-quickstart\app\src\main\java\com\google\mlkit\vision\demo\preference\PreferenceUtils.java,com.google.mlkit.vision.demo.preference.PreferenceUtils,class,16,30,14,16,46,1,0,28,349,0.9259259,0.0039525693,0.0039525693,27,26,22,4,0,1,23,0,0,0,1,1,0,1,0,0,1,0,17,197,29,0,8,2,0,1,2,60,0,58,2,0,0,0,129,1,0
C:\Users\Acer\Desktop\GroupAssignment2-OOD\Cloned\mlkit\android\vision-quickstart\app\src\main\java\com\google\mlkit\vision\demo\java\VisionProcessorBase.java,com.google.mlkit.vision.demo.java.VisionProcessorBase,class,29,38,9,29,32,1,0,51,98,0.878125,0.044444446,0.06666667,16,0,4,6,6,0,10,3,0,2,20,2,0,19,1,0,6,0,4,167,9,0,6,0,0,18,18,51,11,41,2,1,0,6,130,1025,0
C:\Users\Acer\Desktop\GroupAssignment2-OOD\Cloned\mlkit\android\automl\app\src\main\java\com\google\mlkit\vision\automl\demo\FrameMetadata.java,com.google.mlkit.vision.automl.demo.FrameMetadata$Builder,innerclass,2,2,0,2,4,1,0,0,0,0.5,0.5,1.0,4,0,4,0,0,0,4,0,0,0,3,0,0,3,0,0,0,0,0,20,4,0,0,0,0,0,0,3,0,3,0,0,0,0,12,9,0
C:\Users\Acer\Desktop\GroupAssignment2-OOD\Cloned\mlkit\android\vision-quickstart\app\src\main\java\com\google\mlkit\vision\demo\CameraSource.java,com.google.mlkit.vision.demo.CameraSource$FrameProcessingRunnable,innerclass,5,5,0,5,12,1,0,15,0,0.41666666,0.5,0.5,4,0,1,0,0,3,4,0,0,0,3,0,0,3,0,0,1,0,0,59,3,2,2,2,1,8,0,7,1,4,4,0,0,0,144,2,0
C:\Users\Acer\Desktop\GroupAssignment2-OOD\Cloned\mlkit\android\automl\app\src\main\java\com\google\mlkit\vision\automl\demo\FrameMetadata.java,com.google.mlkit.vision.automl.demo.FrameMetadata,class,0,4,4,0,4,1,0,0,0,0.5,0.0,0.0,4,0,3,1,0,0,3,0,0,0,3,0,0,3,0,0,3,0,0,39,3,0,0,0,0,0,0,3,0,3,0,0,1,0,12,1,0
C:\Users\Acer\Desktop\GroupAssignment2-OOD\Cloned\mlkit\android\vision-quickstart\app\src\main\java\com\google\mlkit\vision\demo\java\barcodescanner\BarcodeScannerProcessor.java,com.google.mlkit.vision.demo.java.barcodescanner.BarcodeScannerProcessor,class,10,14,4,10,13,2,0,32,9,0.6666666,0.3,0.3,6,1,2,1,3,0,5,0,0,0,2,1,0,2,0,0,2,0,4,60,1,2,4,0,0,22,1,5,17,5,2,0,0,0,55,1,0
C:\Users\Acer\Desktop\GroupAssignment2-OOD\Cloned\mlkit\android\vision-quickstart\app\src\main\java\com\google\mlkit\vision\demo\java\facemeshdetector\FaceMeshGraphic.java,com.google.mlkit.vision.demo.java.facemeshdetector.FaceMeshGraphic,class,13,15,2,13,11,2,0,25,0,0.55,1.0,1.0,4,0,1,2,0,1,2,0,0,0,10,4,0,10,0,0,7,0,5,71,2,4,3,0,1,0,7,27,2,21,2,0,0,0,82,1,0
C:\Users\Acer\Desktop\GroupAssignment2-OOD\Cloned\mlkit\android\automl\app\src\main\java\com\google\mlkit\vision\automl\demo\ChooserActivity.java,com.google.mlkit.vision.automl.demo.ChooserActivity$MyArrayAdapter,innerclass,7,7,0,7,4,2,0,5,0,0.33333334,0.6666667,1.0,3,0,1,0,0,2,3,0,0,0,3,0,0,3,0,0,2,0,0,23,1,0,1,0,2,0,0,6,0,5,1,0,0,0,37,10,0
C:\Users\Acer\Desktop\GroupAssignment2-OOD\Cloned\mlkit\android\vision-quickstart\app\src\main\java\com\google\mlkit\vision\demo\CameraSource.java,com.google.mlkit.vision.demo.CameraSource,class,21,25,4,21,53,1,0,60,36,0.8529411,0.29090908,0.4181818,17,4,11,6,0,0,11,0,0,4,22,10,5,16,1,0,14,0,11,350,13,6,17,2,7,22,22,76,27,58,3,0,3,0,424,1,0
C:\Users\Acer\Desktop\GroupAssignment2-OOD\Cloned\mlkit\android\android-snippets\app\src\main\java\com\google\example\mlkit\FaceDetectionActivity.java,com.google.example.mlkit.FaceDetectionActivity,class,12,12,0,12,9,2,0,22,6,0.0,NaN,NaN,4,0,0,3,1,0,1,0,0,0,0,0,0,0,0,0,0,0,0,62,0,1,4,0,0,0,1,15,0,15,2,2,0,0,56,1,0
C:\Users\Acer\Desktop\GroupAssignment2-OOD\Cloned\mlkit\android\automl\app\src\main\java\com\google\mlkit\vision\automl\demo\CameraSourcePreview.java,com.google.mlkit.vision.automl.demo.CameraSourcePreview,class,11,14,3,11,23,2,0,28,0,0.625,0.7,1.0,8,0,4,3,1,0,5,0,0,0,7,1,0,7,0,0,3,0,3,121,3,1,9,0,4,3,5,30,7,21,3,0,1,0,69,1,0
C:\Users\Acer\Desktop\GroupAssignment2-OOD\Cloned\mlkit\android\vision-quickstart\app\src\main\java\com\google\mlkit\vision\demo\java\posedetector\PoseDetectorProcessor.java,com.google.mlkit.vision.demo.java.posedetector.PoseDetectorProcessor,class,15,18,3,15,11,2,0,10,1,0.62857145,0.47619048,0.71428573,7,0,2,0,5,0,7,0,0,0,10,1,0,10,0,0,9,0,1,78,5,0,2,0,0,2,0,17,0,16,3,0,1,2,53,1,0
C:\Users\Acer\Desktop\GroupAssignment2-OOD\Cloned\mlkit\android\automl\app\src\main\java\com\google\mlkit\vision\automl\demo\preference\StillImagePreferenceFragment.java,com.google.mlkit.vision.automl.demo.preference.StillImagePreferenceFragment,class,3,4,1,3,1,2,0,3,0,0.0,NaN,NaN,1,0,1,0,0,0,1,0,0,0,0,0,0,0,0,0,0,0,1,7,0,0,0,0,0,0,0,0,0,0,0,0,0,0,18,1,0
C:\Users\Acer\Desktop\GroupAssignment2-OOD\Cloned\mlkit\android\smartreply\app\src\main\java\com\google\mlkit\samples\nl\smartreply\java\MainActivityJava.java,com.google.mlkit.samples.nl.smartreply.java.MainActivityJava,class,3,3,0,3,2,2,0,7,0,0.0,NaN,NaN,1,0,0,0,1,0,1,0,0,0,0,0,0,0,0,0,0,0,1,9,0,0,1,0,0,0,0,0,0,0,1,0,0,0,21,1,0
C:\Users\Acer\Desktop\GroupAssignment2-OOD\Cloned\mlkit\android\automl\app\src\main\java\com\google\mlkit\vision\automl\demo\VisionProcessorBase.java,com.google.mlkit.vision.automl.demo.VisionProcessorBase$Anonymous1,anonymous,0,0,0,0,1,1,0,0,0,0.0,NaN,NaN,1,0,1,0,0,0,1,0,0,0,0,0,0,0,0,0,0,0,0,6,0,0,0,0,0,0,1,2,0,0,0,0,0,0,9,-1,0
C:\Users\Acer\Desktop\GroupAssignment2-OOD\Cloned\mlkit\android\automl\app\src\main\java\com\google\mlkit\vision\automl\demo\BitmapUtils.java,com.google.mlkit.vision.automl.demo.BitmapUtils,class,19,22,3,19,51,1,0,61,118,0.875,0.0,0.0,16,15,8,8,0,0,8,0,0,0,1,1,0,1,0,0,1,0,23,224,20,5,9,4,20,6,109,77,70,58,3,0,0,0,210,17,0
C:\Users\Acer\Desktop\GroupAssignment2-OOD\Cloned\mlkit\android\android-snippets\app\src\main\java\com\google\example\mlkit\ObjectDetectionActivity.java,com.google.example.mlkit.ObjectDetectionActivity$Anonymous1,anonymous,1,1,0,1,1,1,0,0,0,0.0,NaN,NaN,1,0,1,0,0,0,1,0,0,0,0,0,0,0,0,0,0,0,0,4,0,0,0,0,0,0,0,0,0,0,0,0,0,0,4,-1,0
C:\Users\Acer\Desktop\GroupAssignment2-OOD\Cloned\mlkit\android\android-snippets\app\src\main\java\com\google\example\mlkit\ObjectDetectionActivity.java,com.google.example.mlkit.ObjectDetectionActivity$Anonymous2,anonymous,1,1,0,1,1,1,0,0,0,0.0,NaN,NaN,1,0,1,0,0,0,1,0,0,0,0,0,0,0,0,0,0,0,0,4,0,0,0,0,0,0,0,0,0,0,0,0,0,0,4,-1,0
C:\Users\Acer\Desktop\GroupAssignment2-OOD\Cloned\mlkit\android\automl\app\src\main\java\com\google\mlkit\vision\automl\demo\CameraSource.java,com.google.mlkit.vision.automl.demo.CameraSource$CameraPreviewCallback,innerclass,4,4,0,4,1,1,0,1,0,0.0,NaN,NaN,1,0,1,0,0,0,1,0,0,0,0,0,0,0,0,0,0,0,0,5,0,0,0,0,0,0,0,0,0,0,0,0,0,0,12,2,0
C:\Users\Acer\Desktop\GroupAssignment2-OOD\Cloned\mlkit\android\vision-quickstart\app\src\main\java\com\google\mlkit\vision\demo\preference\CameraXSourceDemoPreferenceFragment.java,com.google.mlkit.vision.demo.preference.CameraXSourceDemoPreferenceFragment,class,5,6,1,5,1,4,0,6,0,0.0,NaN,NaN,1,0,1,0,0,0,1,0,0,0,0,0,0,0,0,0,0,0,0,12,0,0,0,0,0,0,4,2,0,2,0,0,0,0,25,1,0
C:\Users\Acer\Desktop\GroupAssignment2-OOD\Cloned\mlkit\android\android-snippets\app\src\main\java\com\google\example\mlkit\TextRecognitionActivity.java,com.google.example.mlkit.TextRecognitionActivity,class,10,10,0,10,8,2,0,12,6,0.0,NaN,NaN,4,0,0,3,1,0,1,0,0,0,0,0,0,0,0,0,0,0,0,55,1,4,0,0,0,0,0,16,0,16,4,2,0,0,33,1,0
C:\Users\Acer\Desktop\GroupAssignment2-OOD\Cloned\mlkit\android\vision-quickstart\app\src\main\java\com\google\mlkit\vision\demo\CameraSourcePreview.java,com.google.mlkit.vision.demo.CameraSourcePreview$SurfaceCallback,innerclass,3,3,0,3,4,1,0,2,3,0.0,0.0,0.0,3,0,3,0,0,0,3,0,0,0,0,0,0,0,0,0,0,0,0,16,0,0,0,1,0,1,0,2,0,0,1,0,0,0,20,2,0
C:\Users\Acer\Desktop\GroupAssignment2-OOD\Cloned\mlkit\android\vision-quickstart\app\src\main\java\com\google\mlkit\vision\demo\java\posedetector\classification\RepetitionCounter.java,com.google.mlkit.vision.demo.java.posedetector.classification.RepetitionCounter,class,1,2,1,1,7,1,0,1,0,0.57142866,0.8,1.0,5,0,5,0,0,0,5,0,0,0,7,2,0,7,0,0,5,0,0,37,4,0,0,0,0,0,3,10,0,8,1,0,0,0,53,1,0
C:\Users\Acer\Desktop\GroupAssignment2-OOD\Cloned\mlkit\android\automl\app\src\main\java\com\google\mlkit\vision\automl\demo\preference\PreferenceUtils.java,com.google.mlkit.vision.automl.demo.preference.PreferenceUtils,class,10,18,8,10,17,1,0,17,21,0.0,0.0,0.0,7,6,5,1,0,1,6,0,0,0,0,0,0,0,0,0,0,0,0,67,8,0,6,2,0,1,0,16,0,15,2,0,0,1,57,17,0
C:\Users\Acer\Desktop\GroupAssignment2-OOD\Cloned\mlkit\android\codescanner\app\src\main\java\com\google\mlkit\samples\codescanner\java\MainActivity.java,com.google.mlkit.samples.codescanner.java.MainActivity,class,10,10,0,10,11,2,0,26,7,0.61904764,0.7,1.0,7,0,2,2,3,0,5,0,0,0,3,1,0,3,0,0,1,0,1,48,5,0,0,0,2,3,0,7,0,8,2,0,0,3,70,1,0
C:\Users\Acer\Desktop\GroupAssignment2-OOD\Cloned\mlkit\android\vision-quickstart\app\src\main\java\com\google\mlkit\vision\demo\java\VisionProcessorBase.java,com.google.mlkit.vision.demo.java.VisionProcessorBase$Anonymous1,anonymous,0,0,0,0,1,1,0,0,0,0.0,NaN,NaN,1,0,1,0,0,0,1,0,0,0,0,0,0,0,0,0,0,0,0,6,0,0,0,0,0,0,1,2,0,0,0,0,0,0,9,-1,0
C:\Users\Acer\Desktop\GroupAssignment2-OOD\Cloned\mlkit\android\vision-quickstart\app\src\main\java\com\google\mlkit\vision\demo\java\facedetector\FaceGraphic.java,com.google.mlkit.vision.demo.java.facedetector.FaceGraphic,class,9,11,2,9,19,2,0,31,0,0.36363637,1.0,1.0,3,0,1,1,0,1,2,0,0,0,11,6,0,11,0,0,10,0,16,120,1,3,13,0,3,23,19,50,47,30,2,0,0,0,81,1,0
C:\Users\Acer\Desktop\GroupAssignment2-OOD\Cloned\mlkit\android\android-snippets\app\src\main\java\com\google\example\mlkit\LanguageIdentificationActivity.java,com.google.example.mlkit.LanguageIdentificationActivity$Anonymous4,anonymous,1,1,0,1,1,1,0,0,0,0.0,NaN,NaN,1,0,1,0,0,0,1,0,0,0,0,0,0,0,0,0,0,0,0,4,0,0,0,0,0,0,0,0,0,0,0,0,0,0,4,-1,0
C:\Users\Acer\Desktop\GroupAssignment2-OOD\Cloned\mlkit\android\android-snippets\app\src\main\java\com\google\example\mlkit\TextRecognitionActivity.java,com.google.example.mlkit.TextRecognitionActivity$Anonymous2,anonymous,1,1,0,1,1,1,0,0,0,0.0,NaN,NaN,1,0,1,0,0,0,1,0,0,0,0,0,0,0,0,0,0,0,0,4,0,0,0,0,0,0,0,0,0,0,0,0,0,0,4,-1,0
C:\Users\Acer\Desktop\GroupAssignment2-OOD\Cloned\mlkit\android\vision-quickstart\app\src\main\java\com\google\mlkit\vision\demo\java\LivePreviewActivity.java,com.google.mlkit.vision.demo.java.LivePreviewActivity,class,37,39,2,37,36,2,0,41,0,0.71957666,0.47619048,0.71428573,9,0,5,2,2,0,7,0,0,1,21,17,0,21,0,0,17,0,8,215,0,0,8,2,0,47,1,44,5,42,2,0,0,1,158,17,0
C:\Users\Acer\Desktop\GroupAssignment2-OOD\Cloned\mlkit\android\android-snippets\app\src\main\java\com\google\example\mlkit\LanguageIdentificationActivity.java,com.google.example.mlkit.LanguageIdentificationActivity$Anonymous3,anonymous,1,1,0,1,2,1,0,3,0,0.0,NaN,NaN,1,0,1,0,0,0,1,0,0,0,0,0,0,0,0,0,0,0,0,9,0,1,0,0,0,2,0,2,1,2,1,0,0,0,8,-1,0
C:\Users\Acer\Desktop\GroupAssignment2-OOD\Cloned\mlkit\android\android-snippets\app\src\main\java\com\google\example\mlkit\TextRecognitionActivity.java,com.google.example.mlkit.TextRecognitionActivity$Anonymous1,anonymous,3,3,0,3,5,1,0,7,0,0.0,NaN,NaN,1,0,1,0,0,0,1,0,0,0,0,0,0,0,0,0,0,0,0,15,0,4,0,0,0,0,0,3,0,3,4,0,0,0,14,-1,0
C:\Users\Acer\Desktop\GroupAssignment2-OOD\Cloned\mlkit\android\vision-quickstart\app\src\main\java\com\google\mlkit\vision\demo\java\labeldetector\LabelGraphic.java,com.google.mlkit.vision.demo.java.labeldetector.LabelGraphic,class,5,6,1,5,6,2,0,17,0,0.083333336,1.0,1.0,2,0,2,0,0,0,2,0,0,1,6,2,0,6,0,0,6,0,4,44,0,2,0,0,0,1,14,16,17,13,2,0,0,0,45,1,0
C:\Users\Acer\Desktop\GroupAssignment2-OOD\Cloned\mlkit\android\android-snippets\app\src\main\java\com\google\example\mlkit\LanguageIdentificationActivity.java,com.google.example.mlkit.LanguageIdentificationActivity$Anonymous2,anonymous,1,1,0,1,1,1,0,0,0,0.0,NaN,NaN,1,0,1,0,0,0,1,0,0,0,0,0,0,0,0,0,0,0,0,4,0,0,0,0,0,0,0,0,0,0,0,0,0,0,4,-1,0
C:\Users\Acer\Desktop\GroupAssignment2-OOD\Cloned\mlkit\android\automl\app\src\main\java\com\google\mlkit\vision\automl\demo\CameraImageGraphic.java,com.google.mlkit.vision.automl.demo.CameraImageGraphic,class,4,4,0,4,2,2,0,2,0,0.0,1.0,1.0,2,0,2,0,0,0,2,0,0,0,1,0,0,1,0,0,1,0,0,10,0,0,0,0,0,0,0,1,0,1,0,0,0,0,14,1,0
C:\Users\Acer\Desktop\GroupAssignment2-OOD\Cloned\mlkit\android\entityextraction\app\src\main\java\com\google\mlkit\samples\nl\entityextraction\java\ModelsActivityJava.java,com.google.mlkit.samples.nl.entityextraction.java.ModelsActivityJava$LanguageAdapter,innerclass,11,11,0,11,15,2,0,35,8,0.6875,0.4,0.6,8,0,5,3,0,0,5,0,0,0,4,0,0,4,0,0,3,0,0,86,7,2,3,0,0,5,0,11,0,19,3,0,0,9,51,0,0
C:\Users\Acer\Desktop\GroupAssignment2-OOD\Cloned\mlkit\android\vision-quickstart\app\src\main\java\com\google\mlkit\vision\demo\CameraSource.java,com.google.mlkit.vision.demo.CameraSource$SizePair,innerclass,3,3,0,3,3,1,0,0,0,0.0,1.0,1.0,2,0,1,0,0,1,2,0,0,0,2,0,2,0,0,0,2,0,0,12,0,0,1,0,0,0,0,4,0,2,0,0,0,0,37,9,0
C:\Users\Acer\Desktop\GroupAssignment2-OOD\Cloned\mlkit\android\vision-quickstart\app\src\main\java\com\google\mlkit\vision\demo\java\segmenter\SegmentationGraphic.java,com.google.mlkit.vision.demo.java.segmenter.SegmentationGraphic,class,9,11,2,9,9,2,0,14,0,0.22222222,1.0,1.0,3,0,2,1,0,0,2,0,0,0,6,0,0,6,0,0,6,0,0,44,1,1,2,0,1,0,16,14,10,12,2,0,0,0,57,1,0
C:\Users\Acer\Desktop\GroupAssignment2-OOD\Cloned\mlkit\android\android-snippets\app\src\main\java\com\google\example\mlkit\LanguageIdentificationActivity.java,com.google.example.mlkit.LanguageIdentificationActivity$Anonymous1,anonymous,1,1,0,1,2,1,0,2,0,0.0,NaN,NaN,1,0,1,0,0,0,1,0,0,0,0,0,0,0,0,0,0,0,0,10,0,0,0,0,0,3,0,0,1,0,1,0,0,0,5,-1,0
C:\Users\Acer\Desktop\GroupAssignment2-OOD\Cloned\mlkit\android\automl\app\src\main\java\com\google\mlkit\vision\automl\demo\CameraSourcePreview.java,com.google.mlkit.vision.automl.demo.CameraSourcePreview$SurfaceCallback,innerclass,3,3,0,3,4,1,0,2,3,0.0,0.0,0.0,3,0,3,0,0,0,3,0,0,0,0,0,0,0,0,0,0,0,0,16,0,0,0,1,0,1,0,2,0,0,1,0,0,0,20,2,0
C:\Users\Acer\Desktop\GroupAssignment2-OOD\Cloned\mlkit\android\vision-quickstart\app\src\main\java\com\google\mlkit\vision\demo\GraphicOverlay.java,com.google.mlkit.vision.demo.GraphicOverlay$Graphic,innerclass,6,6,0,6,16,1,0,11,10,0.33333334,0.09090909,0.09090909,12,0,10,0,2,0,12,1,0,0,1,0,0,1,0,0,0,0,2,66,8,0,0,0,3,0,18,11,15,7,1,0,0,0,128,1033,0
C:\Users\Acer\Desktop\GroupAssignment2-OOD\Cloned\mlkit\android\translate\app\src\main\java\com\google\mlkit\samples\nl\translate\java\TranslateViewModel.java,com.google.mlkit.samples.nl.translate.java.TranslateViewModel$ResultOrError,innerclass,1,1,0,1,1,1,0,0,0,0.0,NaN,NaN,1,0,0,0,0,1,1,0,0,0,2,0,0,0,0,2,2,0,0,8,0,0,0,0,0,0,0,2,0,2,0,0,0,0,12,8,0
C:\Users\Acer\Desktop\GroupAssignment2-OOD\Cloned\mlkit\android\smartreply\app\src\main\java\com\google\mlkit\samples\nl\smartreply\java\chat\ChatViewModel.java,com.google.mlkit.samples.nl.smartreply.java.chat.ChatViewModel,class,14,16,2,14,21,2,0,32,17,0.75757575,0.32142857,0.53571427,11,0,5,3,0,3,8,0,0,0,6,2,0,6,0,0,6,0,2,97,8,1,5,0,0,6,0,13,2,16,2,0,0,4,60,1,0
C:\Users\Acer\Desktop\GroupAssignment2-OOD\Cloned\mlkit\android\entityextraction\app\src\main\java\com\google\mlkit\samples\nl\entityextraction\java\ModelsActivityJava.java,com.google.mlkit.samples.nl.entityextraction.java.ModelsActivityJava,class,8,9,1,8,1,3,0,12,0,0.5,NaN,NaN,1,0,0,0,1,0,1,0,0,0,4,2,1,3,0,0,3,0,0,107,0,0,0,0,0,2,0,7,0,11,1,0,1,1,46,1,0
C:\Users\Acer\Desktop\GroupAssignment2-OOD\Cloned\mlkit\android\internal\chooserx\src\main\java\com\mlkit\example\internal\ChoiceAdapter.java,com.mlkit.example.internal.ChoiceAdapter$ViewHolder,innerclass,5,5,0,5,2,2,0,3,0,0.0,1.0,1.0,2,0,2,0,0,0,2,0,0,0,3,0,0,3,0,0,3,0,0,21,0,0,0,0,0,0,0,3,0,3,0,1,0,0,11,1,0
C:\Users\Acer\Desktop\GroupAssignment2-OOD\Cloned\mlkit\android\vision-quickstart\app\src\main\java\com\google\mlkit\vision\demo\java\ChooserActivity.java,com.google.mlkit.vision.demo.java.ChooserActivity,class,15,15,0,15,5,3,0,15,0,0.33333334,1.0,1.0,2,0,1,0,1,0,2,0,0,0,3,3,0,3,0,0,3,0,0,46,0,0,0,0,0,3,0,6,0,6,1,0,1,0,53,17,0
C:\Users\Acer\Desktop\GroupAssignment2-OOD\Cloned\mlkit\android\automl\app\src\main\java\com\google\mlkit\vision\automl\demo\StillImageActivity.java,com.google.mlkit.vision.automl.demo.StillImageActivity$Anonymous3,anonymous,3,3,0,3,2,1,0,4,1,0.0,0.0,0.0,2,0,2,0,0,0,2,0,0,0,0,0,0,0,0,0,0,0,0,9,0,0,0,0,0,0,0,1,0,0,0,0,0,0,18,-1,0
C:\Users\Acer\Desktop\GroupAssignment2-OOD\Cloned\mlkit\android\automl\app\src\main\java\com\google\mlkit\vision\automl\demo\StillImageActivity.java,com.google.mlkit.vision.automl.demo.StillImageActivity$Anonymous2,anonymous,3,3,0,3,2,1,0,4,1,0.0,0.0,0.0,2,0,2,0,0,0,2,0,0,0,0,0,0,0,0,0,0,0,0,9,0,0,0,0,0,0,0,1,0,0,0,0,0,0,18,-1,0
C:\Users\Acer\Desktop\GroupAssignment2-OOD\Cloned\mlkit\android\automl\app\src\main\java\com\google\mlkit\vision\automl\demo\StillImageActivity.java,com.google.mlkit.vision.automl.demo.StillImageActivity$Anonymous1,anonymous,1,1,0,1,2,1,0,7,0,0.0,NaN,NaN,1,0,1,0,0,0,1,0,0,0,0,0,0,0,0,0,0,0,0,10,0,0,0,0,0,0,0,2,1,0,1,0,0,0,19,-1,0
C:\Users\Acer\Desktop\GroupAssignment2-OOD\Cloned\mlkit\android\automl\app\src\main\java\com\google\mlkit\vision\automl\demo\GraphicOverlay.java,com.google.mlkit.vision.automl.demo.GraphicOverlay$Graphic,innerclass,5,5,0,5,10,1,0,5,0,0.11111111,0.16666667,0.16666667,9,0,9,0,0,0,9,1,0,0,1,0,0,1,0,0,0,0,0,33,7,0,0,0,1,0,0,1,5,1,1,0,0,0,72,1033,0
C:\Users\Acer\Desktop\GroupAssignment2-OOD\Cloned\mlkit\android\translate\app\src\main\java\com\google\mlkit\samples\nl\translate\java\TranslateFragment.java,com.google.mlkit.samples.nl.translate.java.TranslateFragment$Anonymous7,anonymous,1,1,0,1,2,1,0,3,0,0.0,NaN,NaN,1,0,1,0,0,0,1,0,0,0,0,0,0,0,0,0,0,0,0,10,0,0,1,0,0,0,0,0,0,0,1,0,0,0,6,-1,0
C:\Users\Acer\Desktop\GroupAssignment2-OOD\Cloned\mlkit\android\translate\app\src\main\java\com\google\mlkit\samples\nl\translate\java\TranslateFragment.java,com.google.mlkit.samples.nl.translate.java.TranslateFragment$Anonymous8,anonymous,2,2,0,2,1,1,0,7,0,0.0,NaN,NaN,1,0,1,0,0,0,1,0,0,0,0,0,0,0,0,0,0,0,0,8,0,0,0,0,0,0,0,1,0,1,0,0,0,0,8,-1,0
C:\Users\Acer\Desktop\GroupAssignment2-OOD\Cloned\mlkit\android\automl\app\src\main\java\com\google\mlkit\vision\automl\demo\automl\LabelGraphic.java,com.google.mlkit.vision.automl.demo.automl.LabelGraphic,class,5,6,1,5,6,2,0,17,0,0.083333336,1.0,1.0,2,0,2,0,0,0,2,0,0,1,6,2,0,6,0,0,6,0,5,44,0,2,0,0,0,1,14,16,17,13,2,0,0,0,43,1,0
C:\Users\Acer\Desktop\GroupAssignment2-OOD\Cloned\mlkit\android\translate\app\src\main\java\com\google\mlkit\samples\nl\translate\java\TranslateViewModel.java,com.google.mlkit.samples.nl.translate.java.TranslateViewModel$Anonymous2,anonymous,4,4,0,4,2,1,0,6,0,0.0,NaN,NaN,1,0,1,0,0,0,1,0,0,0,0,0,0,0,0,0,0,0,0,12,0,0,0,0,0,0,0,0,0,0,1,0,0,0,9,-1,0
C:\Users\Acer\Desktop\GroupAssignment2-OOD\Cloned\mlkit\android\translate\app\src\main\java\com\google\mlkit\samples\nl\translate\java\TranslateViewModel.java,com.google.mlkit.samples.nl.translate.java.TranslateViewModel$Anonymous1,anonymous,2,2,0,2,2,1,0,2,1,0.0,0.0,0.0,2,0,2,0,0,0,2,0,0,0,0,0,0,0,0,0,0,0,0,8,1,0,0,0,0,0,0,0,0,0,0,0,0,0,8,-1,0
C:\Users\Acer\Desktop\GroupAssignment2-OOD\Cloned\mlkit\android\automl\app\src\main\java\com\google\mlkit\vision\automl\demo\CameraXViewModel.java,com.google.mlkit.vision.automl.demo.CameraXViewModel,class,8,9,1,8,4,2,0,7,1,0.5,0.0,0.0,2,0,1,0,0,1,2,0,0,0,2,1,0,2,0,0,1,0,0,23,1,0,1,1,0,2,0,3,0,3,3,0,0,1,34,17,0
C:\Users\Acer\Desktop\GroupAssignment2-OOD\Cloned\mlkit\android\translate\app\src\main\java\com\google\mlkit\samples\nl\translate\java\TranslateViewModel.java,com.google.mlkit.samples.nl.translate.java.TranslateViewModel$Anonymous4,anonymous,3,3,0,3,1,1,0,2,0,0.0,NaN,NaN,1,0,1,0,0,0,1,0,0,0,0,0,0,0,0,0,0,0,0,5,0,0,0,0,0,0,0,0,0,0,0,0,0,0,7,-1,0
C:\Users\Acer\Desktop\GroupAssignment2-OOD\Cloned\mlkit\android\translate\app\src\main\java\com\google\mlkit\samples\nl\translate\java\TranslateViewModel.java,com.google.mlkit.samples.nl.translate.java.TranslateViewModel$Anonymous3,anonymous,2,2,0,2,1,1,0,2,0,0.0,NaN,NaN,1,0,1,0,0,0,1,0,0,0,0,0,0,0,0,0,0,0,0,5,0,0,0,0,0,0,0,0,0,0,0,0,0,0,6,-1,0
C:\Users\Acer\Desktop\GroupAssignment2-OOD\Cloned\mlkit\android\translate\app\src\main\java\com\google\mlkit\samples\nl\translate\java\TranslateViewModel.java,com.google.mlkit.samples.nl.translate.java.TranslateViewModel$Anonymous6,anonymous,4,4,0,4,1,1,0,3,0,0.0,NaN,NaN,1,0,1,0,0,0,1,0,0,0,0,0,0,0,0,0,0,0,0,6,0,0,0,0,0,0,0,0,0,0,0,0,0,0,6,-1,0
C:\Users\Acer\Desktop\GroupAssignment2-OOD\Cloned\mlkit\android\translate\app\src\main\java\com\google\mlkit\samples\nl\translate\java\TranslateViewModel.java,com.google.mlkit.samples.nl.translate.java.TranslateViewModel$Anonymous5,anonymous,1,1,0,1,2,1,0,5,0,0.0,NaN,NaN,1,0,1,0,0,0,1,0,0,0,0,0,0,0,0,0,0,0,1,10,0,1,0,0,0,0,0,1,0,1,1,0,0,0,9,-1,0
C:\Users\Acer\Desktop\GroupAssignment2-OOD\Cloned\mlkit\android\digitalink\app\src\main\java\com\google\mlkit\samples\vision\digitalink\DrawingView.java,com.google.mlkit.samples.vision.digitalink.DrawingView,class,16,18,2,16,24,2,0,47,36,0.8241759,0.3888889,0.5833333,13,1,6,4,2,1,9,0,0,0,14,6,0,14,0,0,11,0,5,146,2,5,1,0,6,3,24,36,23,31,2,0,0,0,104,1,0
C:\Users\Acer\Desktop\GroupAssignment2-OOD\Cloned\mlkit\android\translate\app\src\main\java\com\google\mlkit\samples\nl\translate\java\TranslateViewModel.java,com.google.mlkit.samples.nl.translate.java.TranslateViewModel$Anonymous8,anonymous,2,2,0,2,3,1,0,7,0,0.0,NaN,NaN,1,0,1,0,0,0,1,0,0,0,0,0,0,0,0,0,0,0,0,14,2,0,1,0,0,0,0,2,0,1,2,0,0,0,9,-1,0
C:\Users\Acer\Desktop\GroupAssignment2-OOD\Cloned\mlkit\android\translate\app\src\main\java\com\google\mlkit\samples\nl\translate\java\TranslateViewModel.java,com.google.mlkit.samples.nl.translate.java.TranslateViewModel$Anonymous7,anonymous,3,3,0,3,1,1,0,1,0,0.0,NaN,NaN,1,0,1,0,0,0,1,0,0,0,0,0,0,0,0,0,0,0,0,5,0,0,0,0,0,0,0,0,0,0,0,0,0,0,6,-1,0
C:\Users\Acer\Desktop\GroupAssignment2-OOD\Cloned\mlkit\android\translate\app\src\main\java\com\google\mlkit\samples\nl\translate\java\TranslateFragment.java,com.google.mlkit.samples.nl.translate.java.TranslateFragment,class,21,27,6,21,5,2,0,20,10,0.0,0.0,0.0,5,1,4,1,0,0,4,0,0,0,0,0,0,0,0,0,0,0,0,119,2,0,0,0,0,3,0,10,0,10,0,8,0,0,46,1,0
C:\Users\Acer\Desktop\GroupAssignment2-OOD\Cloned\mlkit\android\vision-quickstart\app\src\main\java\com\google\mlkit\vision\demo\java\StillImageActivity.java,com.google.mlkit.vision.demo.java.StillImageActivity$Anonymous2,anonymous,3,3,0,3,2,1,0,4,1,0.0,0.0,0.0,2,0,2,0,0,0,2,0,0,0,0,0,0,0,0,0,0,0,0,9,0,0,0,0,0,0,0,1,0,0,0,0,0,0,18,-1,0
C:\Users\Acer\Desktop\GroupAssignment2-OOD\Cloned\mlkit\android\vision-quickstart\app\src\main\java\com\google\mlkit\vision\demo\java\StillImageActivity.java,com.google.mlkit.vision.demo.java.StillImageActivity$Anonymous1,anonymous,1,1,0,1,2,1,0,7,0,0.0,NaN,NaN,1,0,1,0,0,0,1,0,0,0,0,0,0,0,0,0,0,0,0,10,0,0,0,0,0,0,0,2,1,0,1,0,0,0,19,-1,0
C:\Users\Acer\Desktop\GroupAssignment2-OOD\Cloned\mlkit\android\android-snippets\app\src\main\java\com\google\example\mlkit\FaceDetectionActivity.java,com.google.example.mlkit.FaceDetectionActivity$Anonymous1,anonymous,4,4,0,4,6,1,0,8,0,0.0,NaN,NaN,1,0,1,0,0,0,1,0,0,0,0,0,0,0,0,0,0,0,0,22,0,1,4,0,0,0,0,8,0,8,2,0,0,0,23,-1,0
C:\Users\Acer\Desktop\GroupAssignment2-OOD\Cloned\mlkit\android\android-snippets\app\src\main\java\com\google\example\mlkit\FaceDetectionActivity.java,com.google.example.mlkit.FaceDetectionActivity$Anonymous2,anonymous,1,1,0,1,1,1,0,0,0,0.0,NaN,NaN,1,0,1,0,0,0,1,0,0,0,0,0,0,0,0,0,0,0,0,4,0,0,0,0,0,0,0,0,0,0,0,0,0,0,4,-1,0
C:\Users\Acer\Desktop\GroupAssignment2-OOD\Cloned\mlkit\android\digitalink\app\src\main\java\com\google\mlkit\samples\vision\digitalink\RecognitionTask.java,com.google.mlkit.samples.vision.digitalink.RecognitionTask,class,5,6,1,5,7,1,0,11,0,0.53333336,0.7,1.0,5,0,5,0,0,0,5,0,0,0,6,1,0,6,0,0,5,0,0,45,5,0,0,0,0,3,1,7,1,7,2,0,1,1,27,1,0
C:\Users\Acer\Desktop\GroupAssignment2-OOD\Cloned\mlkit\android\vision-quickstart\app\src\main\java\com\google\mlkit\vision\demo\java\posedetector\PoseGraphic.java,com.google.mlkit.vision.demo.java.posedetector.PoseGraphic,class,8,10,2,8,11,2,0,27,0,0.45,1.0,1.0,4,0,1,0,0,3,4,0,0,0,15,4,0,15,0,0,13,0,3,140,1,3,0,0,3,1,11,58,6,56,2,0,0,0,91,1,0
C:\Users\Acer\Desktop\GroupAssignment2-OOD\Cloned\mlkit\android\automl\app\src\main\java\com\google\mlkit\vision\automl\demo\preference\SettingsActivity.java,com.google.mlkit.vision.automl.demo.preference.SettingsActivity,class,4,4,0,4,3,2,0,12,0,0.0,NaN,NaN,1,0,0,0,1,0,1,0,0,0,1,1,1,0,0,0,1,0,0,25,0,0,1,1,0,1,0,3,0,3,1,0,1,0,71,1,0
C:\Users\Acer\Desktop\GroupAssignment2-OOD\Cloned\mlkit\android\automl\app\src\main\java\com\google\mlkit\vision\automl\demo\StillImageActivity.java,com.google.mlkit.vision.automl.demo.StillImageActivity,class,28,33,5,28,36,2,0,67,15,0.7894738,0.5,0.5,11,0,2,7,2,0,4,0,0,0,19,10,0,18,0,1,10,0,3,231,7,0,13,2,3,22,14,53,7,48,3,3,0,3,163,17,0
C:\Users\Acer\Desktop\GroupAssignment2-OOD\Cloned\mlkit\android\translate\app\src\main\java\com\google\mlkit\samples\nl\translate\java\TranslateFragment.java,com.google.mlkit.samples.nl.translate.java.TranslateFragment$Anonymous1,anonymous,3,3,0,3,2,1,0,4,1,0.0,0.0,0.0,2,0,2,0,0,0,2,0,0,0,0,0,0,0,0,0,0,0,0,9,0,0,0,0,0,1,0,0,0,0,0,0,0,0,12,-1,0
C:\Users\Acer\Desktop\GroupAssignment2-OOD\Cloned\mlkit\android\translate\app\src\main\java\com\google\mlkit\samples\nl\translate\java\TranslateFragment.java,com.google.mlkit.samples.nl.translate.java.TranslateFragment$Anonymous2,anonymous,3,3,0,3,2,1,0,4,1,0.0,0.0,0.0,2,0,2,0,0,0,2,0,0,0,0,0,0,0,0,0,0,0,0,9,0,0,0,0,0,1,0,0,0,0,0,0,0,0,12,-1,0
C:\Users\Acer\Desktop\GroupAssignment2-OOD\Cloned\mlkit\android\translate\app\src\main\java\com\google\mlkit\samples\nl\translate\java\TranslateFragment.java,com.google.mlkit.samples.nl.translate.java.TranslateFragment$Anonymous3,anonymous,2,2,0,2,1,1,0,7,0,0.0,NaN,NaN,1,0,1,0,0,0,1,0,0,0,0,0,0,0,0,0,0,0,0,11,0,0,0,0,0,0,0,2,0,2,0,0,0,0,11,-1,0
C:\Users\Acer\Desktop\GroupAssignment2-OOD\Cloned\mlkit\android\vision-quickstart\app\src\main\java\com\google\mlkit\vision\demo\java\posedetector\classification\PoseEmbedding.java,com.google.mlkit.vision.demo.java.posedetector.classification.PoseEmbedding,class,3,6,3,3,7,1,0,11,10,0.8,NaN,NaN,5,4,1,4,0,0,1,0,0,0,1,1,0,1,0,0,1,0,38,57,4,1,0,0,0,0,3,11,2,10,2,0,0,0,43,1,0
C:\Users\Acer\Desktop\GroupAssignment2-OOD\Cloned\mlkit\android\translate\app\src\main\java\com\google\mlkit\samples\nl\translate\java\TranslateFragment.java,com.google.mlkit.samples.nl.translate.java.TranslateFragment$Anonymous4,anonymous,3,3,0,3,2,1,0,4,0,0.0,NaN,NaN,1,0,1,0,0,0,1,0,0,0,0,0,0,0,0,0,0,0,0,11,0,0,0,0,0,0,0,1,0,1,1,0,0,0,7,-1,0
C:\Users\Acer\Desktop\GroupAssignment2-OOD\Cloned\mlkit\android\vision-quickstart\app\src\main\java\com\google\mlkit\vision\demo\java\segmenter\SegmenterProcessor.java,com.google.mlkit.vision.demo.java.segmenter.SegmenterProcessor,class,11,14,3,11,7,2,0,9,6,0.6,0.2,0.3,5,0,2,0,3,0,5,0,0,0,2,1,0,2,0,0,2,0,1,27,1,0,0,0,0,3,0,4,2,4,1,0,0,0,35,1,0
C:\Users\Acer\Desktop\GroupAssignment2-OOD\Cloned\mlkit\android\digitalink\app\src\main\java\com\google\mlkit\samples\vision\digitalink\StrokeManager.java,com.google.mlkit.samples.vision.digitalink.StrokeManager$StatusChangedListener,interface,0,0,0,0,1,1,0,0,0,0.0,NaN,NaN,1,0,0,0,0,1,1,0,0,0,0,0,0,0,0,0,0,0,0,3,0,0,0,0,0,0,0,0,0,0,0,0,0,0,20,1,0
C:\Users\Acer\Desktop\GroupAssignment2-OOD\Cloned\mlkit\android\translate\app\src\main\java\com\google\mlkit\samples\nl\translate\java\TranslateFragment.java,com.google.mlkit.samples.nl.translate.java.TranslateFragment$Anonymous5,anonymous,3,3,0,3,2,1,0,4,0,0.0,NaN,NaN,1,0,1,0,0,0,1,0,0,0,0,0,0,0,0,0,0,0,0,11,0,0,0,0,0,0,0,1,0,1,1,0,0,0,7,-1,0
C:\Users\Acer\Desktop\GroupAssignment2-OOD\Cloned\mlkit\android\translate\app\src\main\java\com\google\mlkit\samples\nl\translate\java\TranslateFragment.java,com.google.mlkit.samples.nl.translate.java.TranslateFragment$Anonymous6,anonymous,2,2,0,2,3,1,0,3,3,0.0,0.0,0.0,3,0,3,0,0,0,3,0,0,0,0,0,0,0,0,0,0,0,0,10,0,0,0,0,0,0,0,0,0,0,0,0,0,0,14,-1,0
C:\Users\Acer\Desktop\GroupAssignment2-OOD\Cloned\mlkit\android\vision-quickstart\app\src\main\java\com\google\mlkit\vision\demo\java\posedetector\PoseDetectorProcessor.java,com.google.mlkit.vision.demo.java.posedetector.PoseDetectorProcessor$PoseWithClassification,innerclass,1,1,0,1,3,1,0,0,0,0.33333334,0.6666667,1.0,3,0,3,0,0,0,3,0,0,0,2,0,0,2,0,0,2,0,0,14,2,0,0,0,0,0,0,2,0,2,0,0,0,0,11,12,0
C:\Users\Acer\Desktop\GroupAssignment2-OOD\Cloned\mlkit\android\internal\chooserx\src\main\java\com\mlkit\example\internal\ChoiceAdapter.java,com.mlkit.example.internal.ChoiceAdapter,class,8,9,1,8,4,2,0,6,0,0.5,0.5,0.5,4,0,4,0,0,0,4,0,0,0,2,0,0,2,0,0,2,0,0,40,2,0,0,0,0,0,0,4,0,4,0,0,1,0,18,1,0
C:\Users\Acer\Desktop\GroupAssignment2-OOD\Cloned\mlkit\android\digitalink\app\src\main\java\com\google\mlkit\samples\vision\digitalink\DigitalInkMainActivity.java,com.google.mlkit.samples.vision.digitalink.DigitalInkMainActivity,class,16,17,1,16,17,2,0,47,2,0.75,0.73333335,1.0,8,1,6,2,0,0,6,0,0,0,5,3,0,4,0,1,4,0,8,137,2,4,2,0,0,18,1,15,0,15,2,1,1,0,92,1,0
C:\Users\Acer\Desktop\GroupAssignment2-OOD\Cloned\mlkit\android\vision-quickstart\app\src\main\java\com\google\mlkit\vision\demo\java\textdetector\TextGraphic.java,com.google.mlkit.vision.demo.java.textdetector.TextGraphic,class,7,9,2,7,11,2,0,28,0,0.38461536,1.0,1.0,3,0,1,1,0,1,2,0,0,0,13,6,0,13,0,0,13,0,9,84,0,4,0,0,0,23,5,23,30,18,5,0,0,0,77,1,0
C:\Users\Acer\Desktop\GroupAssignment2-OOD\Cloned\mlkit\android\automl\app\src\main\java\com\google\mlkit\vision\automl\demo\GraphicOverlay.java,com.google.mlkit.vision.automl.demo.GraphicOverlay,class,7,22,15,7,17,2,0,15,2,0.7333333,0.4642857,1.0,9,0,7,1,1,0,8,0,0,0,10,0,0,10,0,0,3,0,0,116,3,1,0,0,2,2,13,19,12,21,2,0,1,1,146,1,0
C:\Users\Acer\Desktop\GroupAssignment2-OOD\Cloned\mlkit\android\automl\app\src\main\java\com\google\mlkit\vision\automl\demo\preference\LivePreviewPreferenceFragment.java,com.google.mlkit.vision.automl.demo.preference.LivePreviewPreferenceFragment,class,11,14,3,11,9,2,1,26,3,0.0,0.0,0.0,3,0,1,1,0,1,2,0,0,0,0,0,0,0,0,0,0,0,4,59,1,1,4,1,1,0,1,13,0,13,3,0,0,1,46,1,0
C:\Users\Acer\Desktop\GroupAssignment2-OOD\Cloned\mlkit\android\internal\chooserx\src\main\java\com\mlkit\example\internal\Choice.java,com.mlkit.example.internal.Choice,class,1,4,3,1,1,1,0,0,0,0.0,NaN,NaN,1,0,1,0,0,0,1,0,0,0,3,0,3,0,0,0,3,0,0,10,0,0,0,0,0,0,0,3,0,3,0,0,0,0,5,1,0
C:\Users\Acer\Desktop\GroupAssignment2-OOD\Cloned\mlkit\android\smartreply\app\src\main\java\com\google\mlkit\samples\nl\smartreply\java\chat\ChatFragment.java,com.google.mlkit.samples.nl.smartreply.java.chat.ChatFragment,class,24,26,2,24,16,2,0,49,22,0.8148148,0.0952381,0.14285715,9,1,7,2,0,0,7,0,0,0,6,0,0,6,0,0,0,0,3,126,8,0,4,0,0,8,8,18,1,25,2,0,0,6,79,1,0
C:\Users\Acer\Desktop\GroupAssignment2-OOD\Cloned\mlkit\android\automl\app\src\main\java\com\google\mlkit\vision\automl\demo\automl\AutoMLImageLabelerProcessor.java,com.google.mlkit.vision.automl.demo.automl.AutoMLImageLabelerProcessor$Mode,enum,0,0,0,0,0,1,0,0,0,0.0,-1.0,-1.0,0,0,0,0,0,0,0,0,0,0,0,0,0,0,0,0,0,0,0,1,0,0,0,0,0,0,0,0,0,0,0,0,0,0,28,1,0
C:\Users\Acer\Desktop\GroupAssignment2-OOD\Cloned\mlkit\android\vision-quickstart\app\src\main\java\com\google\mlkit\vision\demo\java\ChooserActivity.java,com.google.mlkit.vision.demo.java.ChooserActivity$MyArrayAdapter,innerclass,7,7,0,7,4,2,0,5,0,0.33333334,0.6666667,1.0,3,0,1,0,0,2,3,0,0,0,3,0,0,3,0,0,2,0,0,23,1,0,1,0,2,0,0,6,0,5,1,0,0,0,37,10,0
C:\Users\Acer\Desktop\GroupAssignment2-OOD\Cloned\mlkit\android\android-snippets\app\src\main\java\com\google\example\mlkit\LanguageIdentificationActivity.java,com.google.example.mlkit.LanguageIdentificationActivity,class,7,7,0,7,5,2,0,8,10,1.0,NaN,NaN,5,0,0,4,1,0,1,0,0,0,1,1,0,1,0,0,1,0,0,48,0,0,0,0,0,1,2,6,0,6,0,4,0,0,32,1,0
C:\Users\Acer\Desktop\GroupAssignment2-OOD\Cloned\mlkit\android\vision-quickstart\app\src\main\java\com\google\mlkit\vision\demo\java\barcodescanner\BarcodeGraphic.java,com.google.mlkit.vision.demo.java.barcodescanner.BarcodeGraphic,class,6,7,1,6,3,2,0,13,0,0.125,1.0,1.0,2,0,1,0,0,1,2,0,0,0,8,4,0,8,0,0,8,0,2,41,0,0,1,0,2,1,4,17,7,13,1,0,0,0,62,1,0
C:\Users\Acer\Desktop\GroupAssignment2-OOD\Cloned\mlkit\android\vision-quickstart\app\src\main\java\com\google\mlkit\vision\demo\preference\LivePreviewPreferenceFragment.java,com.google.mlkit.vision.demo.preference.LivePreviewPreferenceFragment,class,12,15,3,12,13,2,1,30,6,0.0,0.0,0.0,4,0,1,2,0,1,2,0,0,0,0,0,0,0,0,0,0,0,3,77,3,1,4,2,1,0,3,15,0,17,3,0,0,2,57,1,0
C:\Users\Acer\Desktop\GroupAssignment2-OOD\Cloned\mlkit\android\vision-quickstart\app\src\main\java\com\google\mlkit\vision\demo\CameraSourcePreview.java,com.google.mlkit.vision.demo.CameraSourcePreview,class,11,14,3,11,22,2,0,26,0,0.625,0.8,1.0,8,0,4,3,1,0,5,0,0,0,7,1,0,7,0,0,3,0,3,121,3,0,9,0,2,2,6,29,12,22,3,0,1,0,69,1,0
C:\Users\Acer\Desktop\GroupAssignment2-OOD\Cloned\mlkit\android\vision-quickstart\app\src\main\java\com\google\mlkit\vision\demo\java\StillImageActivity.java,com.google.mlkit.vision.demo.java.StillImageActivity$Anonymous3,anonymous,3,3,0,3,2,1,0,3,1,0.0,0.0,0.0,2,0,2,0,0,0,2,0,0,0,0,0,0,0,0,0,0,0,0,8,0,0,0,0,0,0,0,1,0,0,0,0,0,0,16,-1,0
C:\Users\Acer\Desktop\GroupAssignment2-OOD\Cloned\mlkit\android\android-snippets\app\src\main\java\com\google\example\mlkit\ImageLabelingActivity.java,com.google.example.mlkit.ImageLabelingActivity,class,9,9,0,9,3,2,0,7,3,0.0,NaN,NaN,3,0,0,2,1,0,1,0,0,0,0,0,0,0,0,0,0,0,0,44,0,0,0,0,0,0,1,4,0,4,0,5,0,0,26,1,0
C:\Users\Acer\Desktop\GroupAssignment2-OOD\Cloned\mlkit\android\vision-quickstart\app\src\main\java\com\google\mlkit\vision\demo\java\CameraXLivePreviewActivity.java,com.google.mlkit.vision.demo.java.CameraXLivePreviewActivity,class,47,49,2,47,50,2,0,66,17,0.7889611,0.21428572,0.25,11,0,5,3,3,0,8,0,0,1,28,18,0,28,0,0,18,0,11,281,6,0,18,3,0,45,3,76,6,59,3,0,0,3,176,17,0
C:\Users\Acer\Desktop\GroupAssignment2-OOD\Cloned\mlkit\android\automl\app\src\main\java\com\google\mlkit\vision\automl\demo\VisionProcessorBase.java,com.google.mlkit.vision.automl.demo.VisionProcessorBase,class,24,27,3,24,22,1,0,42,35,0.8395723,0.071428575,0.10714286,11,0,4,3,4,0,8,3,0,2,17,2,0,16,1,0,6,0,4,113,2,0,6,0,0,15,12,32,9,28,2,1,0,4,117,1025,0
C:\Users\Acer\Desktop\GroupAssignment2-OOD\Cloned\mlkit\android\vision-quickstart\app\src\main\java\com\google\mlkit\vision\demo\java\labeldetector\LabelDetectorProcessor.java,com.google.mlkit.vision.demo.java.labeldetector.LabelDetectorProcessor,class,11,15,4,11,8,2,0,11,9,0.6666666,0.3,0.3,6,1,2,1,3,0,5,0,0,0,2,1,0,2,0,0,2,0,2,32,1,1,1,0,0,4,0,2,1,2,2,0,0,0,37,1,0
C:\Users\Acer\Desktop\GroupAssignment2-OOD\Cloned\mlkit\android\automl\app\src\main\java\com\google\mlkit\vision\automl\demo\CameraSource.java,com.google.mlkit.vision.automl.demo.CameraSource$SizePair,innerclass,3,3,0,3,3,1,0,0,0,0.0,1.0,1.0,2,0,1,0,0,1,2,0,0,0,2,0,2,0,0,0,2,0,0,12,0,0,1,0,0,0,0,4,0,2,0,0,0,0,37,9,0
C:\Users\Acer\Desktop\GroupAssignment2-OOD\Cloned\mlkit\android\vision-quickstart\app\src\main\java\com\google\mlkit\vision\demo\CameraSource.java,com.google.mlkit.vision.demo.CameraSource$CameraPreviewCallback,innerclass,4,4,0,4,1,1,0,1,0,0.0,NaN,NaN,1,0,1,0,0,0,1,0,0,0,0,0,0,0,0,0,0,0,0,5,0,0,0,0,0,0,0,0,0,0,0,0,0,0,12,2,0
C:\Users\Acer\Desktop\GroupAssignment2-OOD\Cloned\mlkit\android\vision-quickstart\app\src\main\java\com\google\mlkit\vision\demo\GraphicOverlay.java,com.google.mlkit.vision.demo.GraphicOverlay,class,7,35,28,7,17,2,0,15,2,0.7333333,0.4642857,1.0,9,0,7,1,1,0,8,0,0,0,10,0,0,10,0,0,3,0,0,149,3,1,0,0,2,2,13,19,12,21,2,0,1,1,146,1,0
C:\Users\Acer\Desktop\GroupAssignment2-OOD\Cloned\mlkit\android\smartreply\app\src\main\java\com\google\mlkit\samples\nl\smartreply\java\chat\MessageListAdapter.java,com.google.mlkit.samples.nl.smartreply.java.chat.MessageListAdapter$MessageViewHolder,innerclass,5,5,0,5,2,2,0,5,0,0.0,NaN,NaN,2,0,0,1,0,1,1,0,0,0,2,0,0,2,0,0,2,0,0,13,0,0,0,0,0,0,0,2,0,2,0,0,0,0,10,8,0
C:\Users\Acer\Desktop\GroupAssignment2-OOD\Cloned\mlkit\android\digitalink\app\src\main\java\com\google\mlkit\samples\vision\digitalink\StatusTextView.java,com.google.mlkit.samples.vision.digitalink.StatusTextView,class,6,7,1,6,4,2,0,2,4,0.5,0.16666667,0.16666667,4,0,3,0,0,1,4,0,0,0,1,0,0,1,0,0,0,0,0,15,0,0,0,0,0,0,0,1,0,1,0,0,0,0,26,1,0
C:\Users\Acer\Desktop\GroupAssignment2-OOD\Cloned\mlkit\android\automl\app\src\main\java\com\google\mlkit\vision\automl\demo\ChooserActivity.java,com.google.mlkit.vision.automl.demo.ChooserActivity,class,18,19,1,18,19,3,0,29,11,0.75,1.0,1.0,6,1,1,4,1,0,2,0,0,0,4,4,0,4,0,0,4,0,2,92,7,2,2,1,0,5,5,10,2,10,2,0,1,0,81,17,0
C:\Users\Acer\Desktop\GroupAssignment2-OOD\Cloned\mlkit\android\digitalink\app\src\main\java\com\google\mlkit\samples\vision\digitalink\StrokeManager.java,com.google.mlkit.samples.vision.digitalink.StrokeManager$ContentChangedListener,interface,0,0,0,0,1,1,0,0,0,0.0,NaN,NaN,1,0,0,0,0,1,1,0,0,0,0,0,0,0,0,0,0,0,0,3,0,0,0,0,0,0,0,0,0,0,0,0,0,0,20,1,0
C:\Users\Acer\Desktop\GroupAssignment2-OOD\Cloned\mlkit\android\translate\app\src\main\java\com\google\mlkit\samples\nl\translate\java\TranslateViewModel.java,com.google.mlkit.samples.nl.translate.java.TranslateViewModel,class,20,30,10,20,18,2,0,29,16,0.8024691,0.33333334,0.71428573,9,0,2,2,1,4,7,0,0,0,9,1,0,3,0,6,3,0,0,178,7,1,5,0,0,1,1,23,0,22,2,8,2,0,64,1,0
C:\Users\Acer\Desktop\GroupAssignment2-OOD\Cloned\mlkit\android\automl\app\src\main\java\com\google\mlkit\vision\automl\demo\LivePreviewActivity.java,com.google.mlkit.vision.automl.demo.LivePreviewActivity,class,29,31,2,29,39,2,0,49,21,0.74107146,0.5,0.75,14,1,6,6,2,0,8,0,0,1,8,4,0,8,0,0,4,0,3,184,7,2,10,3,0,20,8,25,6,23,2,0,0,1,137,17,0
C:\Users\Acer\Desktop\GroupAssignment2-OOD\Cloned\mlkit\android\vision-quickstart\app\src\main\java\com\google\mlkit\vision\demo\FrameMetadata.java,com.google.mlkit.vision.demo.FrameMetadata$Builder,innerclass,2,2,0,2,4,1,0,0,0,0.5,0.5,1.0,4,0,4,0,0,0,4,0,0,0,3,0,0,3,0,0,0,0,0,20,4,0,0,0,0,0,0,3,0,3,0,0,0,0,12,9,0
C:\Users\Acer\Desktop\GroupAssignment2-OOD\Cloned\mlkit\android\vision-quickstart\app\src\main\java\com\google\mlkit\vision\demo\java\facemeshdetector\FaceMeshDetectorProcessor.java,com.google.mlkit.vision.demo.java.facemeshdetector.FaceMeshDetectorProcessor,class,11,14,3,11,7,2,0,9,4,0.6,0.3,0.3,5,0,2,0,3,0,5,0,0,0,2,1,0,2,0,0,2,0,1,27,1,1,1,0,0,2,0,3,1,3,1,0,0,0,31,1,0
C:\Users\Acer\Desktop\GroupAssignment2-OOD\Cloned\mlkit\android\vision-quickstart\app\src\main\java\com\google\mlkit\vision\demo\java\textdetector\TextRecognitionProcessor.java,com.google.mlkit.vision.demo.java.textdetector.TextRecognitionProcessor,class,14,18,4,14,11,2,0,22,5,0.6333333,0.5,1.0,6,1,2,1,3,0,5,0,0,0,5,1,0,5,0,0,5,0,10,51,1,4,1,0,0,11,3,11,2,11,5,0,0,0,65,1,0
C:\Users\Acer\Desktop\GroupAssignment2-OOD\Cloned\mlkit\android\smartreply\app\src\main\java\com\google\mlkit\samples\nl\smartreply\java\chat\MessageListAdapter.java,com.google.mlkit.samples.nl.smartreply.java.chat.MessageListAdapter,class,6,7,1,6,9,2,0,9,10,0.5625,0.32142857,0.53571427,8,0,8,0,0,0,8,0,0,0,2,0,0,2,0,0,1,0,0,50,5,0,1,0,0,0,0,5,0,4,1,0,1,0,29,0,0
C:\Users\Acer\Desktop\GroupAssignment2-OOD\Cloned\mlkit\android\vision-quickstart\app\src\main\java\com\google\mlkit\vision\demo\ScopedExecutor.java,com.google.mlkit.vision.demo.ScopedExecutor,class,1,2,1,1,5,1,0,4,0,0.33333334,0.6666667,1.0,3,0,3,0,0,0,3,0,0,0,2,0,0,2,0,0,2,0,0,22,2,0,0,0,0,0,0,2,0,2,2,0,0,1,38,1,0
C:\Users\Acer\Desktop\GroupAssignment2-OOD\Cloned\mlkit\android\automl\app\src\main\java\com\google\mlkit\vision\automl\demo\ScopedExecutor.java,com.google.mlkit.vision.automl.demo.ScopedExecutor,class,1,2,1,1,5,1,0,4,0,0.33333334,0.6666667,1.0,3,0,3,0,0,0,3,0,0,0,2,0,0,2,0,0,2,0,0,22,2,0,0,0,0,0,0,2,0,2,2,0,0,1,38,1,0
C:\Users\Acer\Desktop\GroupAssignment2-OOD\Cloned\mlkit\android\digitalink\app\src\main\java\com\google\mlkit\samples\vision\digitalink\DigitalInkMainActivity.java,com.google.mlkit.samples.vision.digitalink.DigitalInkMainActivity$Anonymous1,anonymous,4,4,0,4,3,1,0,5,1,0.0,0.0,0.0,2,0,2,0,0,0,2,0,0,0,0,0,0,0,0,0,0,0,0,13,1,0,1,0,1,2,0,1,1,1,1,0,0,0,14,-1,0
C:\Users\Acer\Desktop\GroupAssignment2-OOD\Cloned\mlkit\android\vision-quickstart\app\src\main\java\com\google\mlkit\vision\demo\preference\CameraXLivePreviewPreferenceFragment.java,com.google.mlkit.vision.demo.preference.CameraXLivePreviewPreferenceFragment,class,14,17,3,14,10,3,1,20,3,0.0,0.0,0.0,3,1,1,1,0,1,2,0,0,0,0,0,0,0,0,0,0,0,2,54,3,2,3,1,0,10,1,14,0,14,3,0,0,1,50,1,0
C:\Users\Acer\Desktop\GroupAssignment2-OOD\Cloned\mlkit\android\android-snippets\app\src\main\java\com\google\example\mlkit\ImageLabelingActivity.java,com.google.example.mlkit.ImageLabelingActivity$Anonymous1,anonymous,1,1,0,1,2,1,0,2,0,0.0,NaN,NaN,1,0,1,0,0,0,1,0,0,0,0,0,0,0,0,0,0,0,0,8,0,1,0,0,0,0,0,2,0,2,1,0,0,0,8,-1,0
C:\Users\Acer\Desktop\GroupAssignment2-OOD\Cloned\mlkit\android\automl\app\src\main\java\com\google\mlkit\vision\automl\demo\preference\CameraXLivePreviewPreferenceFragment.java,com.google.mlkit.vision.automl.demo.preference.CameraXLivePreviewPreferenceFragment,class,14,16,2,14,10,3,0,20,3,0.0,0.0,0.0,3,1,1,1,0,1,2,0,0,0,0,0,0,0,0,0,0,0,2,54,3,2,3,1,0,10,1,14,0,14,3,0,0,1,50,1,0
C:\Users\Acer\Desktop\GroupAssignment2-OOD\Cloned\mlkit\android\android-snippets\app\src\main\java\com\google\example\mlkit\ImageLabelingActivity.java,com.google.example.mlkit.ImageLabelingActivity$Anonymous2,anonymous,1,1,0,1,1,1,0,0,0,0.0,NaN,NaN,1,0,1,0,0,0,1,0,0,0,0,0,0,0,0,0,0,0,0,4,0,0,0,0,0,0,0,0,0,0,0,0,0,0,4,-1,0
C:\Users\Acer\Desktop\GroupAssignment2-OOD\Cloned\mlkit\android\android-snippets\app\src\main\java\com\google\example\mlkit\ImageLabelingActivity.java,com.google.example.mlkit.ImageLabelingActivity$Anonymous3,anonymous,1,1,0,1,1,1,0,0,0,0.0,NaN,NaN,1,0,1,0,0,0,1,0,0,0,0,0,0,0,0,0,0,0,0,4,0,0,0,0,0,0,0,0,0,0,0,0,0,0,3,-1,0
C:\Users\Acer\Desktop\GroupAssignment2-OOD\Cloned\mlkit\android\android-snippets\app\src\main\java\com\google\example\mlkit\ImageLabelingActivity.java,com.google.example.mlkit.ImageLabelingActivity$Anonymous4,anonymous,1,1,0,1,1,1,0,0,0,0.0,NaN,NaN,1,0,1,0,0,0,1,0,0,0,0,0,0,0,0,0,0,0,0,4,0,0,0,0,0,0,0,0,0,0,0,0,0,0,4,-1,0
C:\Users\Acer\Desktop\GroupAssignment2-OOD\Cloned\mlkit\android\android-snippets\app\src\main\java\com\google\example\mlkit\ImageLabelingActivity.java,com.google.example.mlkit.ImageLabelingActivity$Anonymous5,anonymous,1,1,0,1,2,1,0,3,0,0.0,NaN,NaN,1,0,1,0,0,0,1,0,0,0,0,0,0,0,0,0,0,0,0,9,0,1,0,0,0,0,0,3,0,3,1,0,0,0,9,-1,0
C:\Users\Acer\Desktop\GroupAssignment2-OOD\Cloned\mlkit\android\smartreply\app\src\main\java\com\google\mlkit\samples\nl\smartreply\java\chat\ReplyChipAdapter.java,com.google.mlkit.samples.nl.smartreply.java.chat.ReplyChipAdapter,class,8,9,1,8,5,2,0,9,4,0.6,0.3,0.3,5,0,5,0,0,0,5,0,0,0,2,0,0,2,0,0,2,0,0,37,2,0,0,0,0,0,0,4,0,4,0,0,2,0,31,1,0
C:\Users\Acer\Desktop\GroupAssignment2-OOD\Cloned\mlkit\android\vision-quickstart\app\src\main\java\com\google\mlkit\vision\demo\CameraXViewModel.java,com.google.mlkit.vision.demo.CameraXViewModel,class,8,9,1,8,4,2,0,7,1,0.5,0.0,0.0,2,0,2,0,0,0,2,0,0,0,2,1,0,2,0,0,1,0,0,23,1,0,1,1,0,2,0,3,0,3,3,0,0,1,34,17,0
C:\Users\Acer\Desktop\GroupAssignment2-OOD\Cloned\mlkit\android\entityextraction\app\src\main\java\com\google\mlkit\samples\nl\entityextraction\java\MainActivityJava.java,com.google.mlkit.samples.nl.entityextraction.java.MainActivityJava,class,25,26,1,25,47,2,0,76,0,0.8154762,0.4,0.6666667,21,1,5,15,1,0,6,0,0,0,8,3,1,7,0,0,3,0,2,191,14,2,4,0,0,6,1,25,0,26,3,0,0,4,109,1,0
C:\Users\Acer\Desktop\GroupAssignment2-OOD\Cloned\mlkit\android\vision-quickstart\app\src\main\java\com\google\mlkit\vision\demo\java\objectdetector\ObjectGraphic.java,com.google.mlkit.vision.demo.java.objectdetector.ObjectGraphic,class,7,9,2,7,6,2,0,19,0,0.16666667,1.0,1.0,2,0,2,0,0,0,2,0,0,0,9,5,0,9,0,0,9,0,7,60,0,3,1,0,1,3,12,32,14,18,1,0,0,0,58,1,0
C:\Users\Acer\Desktop\GroupAssignment2-OOD\Cloned\mlkit\android\vision-quickstart\app\src\main\java\com\google\mlkit\vision\demo\TemperatureMonitor.java,com.google.mlkit.vision.demo.TemperatureMonitor,class,5,6,1,5,9,1,0,13,6,0.6666667,0.2,0.2,5,0,5,0,0,0,5,0,0,0,3,1,1,2,0,0,2,0,1,32,0,2,0,0,0,3,4,6,2,6,2,0,0,0,29,17,0
C:\Users\Acer\Desktop\GroupAssignment2-OOD\Cloned\mlkit\android\vision-quickstart\app\src\main\java\com\google\mlkit\vision\demo\java\posedetector\classification\PoseClassifierProcessor.java,com.google.mlkit.vision.demo.java.posedetector.classification.PoseClassifierProcessor,class,10,12,2,10,16,1,0,24,0,0.50000006,1.0,1.0,3,0,2,1,0,0,2,0,0,0,10,5,0,10,0,0,6,0,3,74,2,3,4,1,0,9,1,24,2,21,3,0,0,0,82,1,0
C:\Users\Acer\Desktop\GroupAssignment2-OOD\Cloned\mlkit\android\vision-quickstart\app\src\main\java\com\google\mlkit\vision\demo\java\posedetector\classification\ClassificationResult.java,com.google.mlkit.vision.demo.java.posedetector.classification.ClassificationResult,class,0,4,4,0,8,1,0,8,0,0.0,1.0,1.0,6,0,6,0,0,0,6,0,0,0,1,0,0,1,0,0,1,0,1,21,3,0,0,0,1,0,3,1,2,3,0,0,0,1,25,1,0
C:\Users\Acer\Desktop\GroupAssignment2-OOD\Cloned\mlkit\android\automl\app\src\main\java\com\google\mlkit\vision\automl\demo\CameraXLivePreviewActivity.java,com.google.mlkit.vision.automl.demo.CameraXLivePreviewActivity,class,39,41,2,39,52,2,0,76,68,0.8359375,0.2777778,0.30555555,16,1,6,7,3,0,9,0,0,1,16,6,0,16,0,0,6,0,6,246,13,2,19,4,0,20,10,45,7,41,3,0,0,3,157,17,0
C:\Users\Acer\Desktop\GroupAssignment2-OOD\Cloned\mlkit\android\vision-quickstart\app\src\main\java\com\google\mlkit\vision\demo\preference\SettingsActivity.java,com.google.mlkit.vision.demo.preference.SettingsActivity$LaunchSource,enum,4,4,0,4,1,1,0,0,0,0.0,NaN,NaN,1,0,0,0,0,1,1,0,0,0,2,0,0,2,0,0,2,0,0,7,0,0,0,0,0,1,0,2,0,2,0,0,0,0,33,1,0
